pmid,doi,pmcid,year,title,journal,category,factors,model,methods,finding,limitation,evidence_quote,fulltext_status,url
38503291,10.1016/j.crmeth.2024.100732,PMC10985233,2024,SOX17/ETV2 improves the direct reprogramming of adult fibroblasts to endothelial cells.,Cell reports methods,Reprogramming,SOX17; ETV2,Adult human dermal fibroblasts; in vivo vessel assay,Factor overexpression; EC marker analysis; Vessel formation,SOX17 combined with ETV2 improved fibroblast conversion and several endothelial functional readouts.,The abstract covers selected functional assays; it leaves long-term stability across tissue settings unresolved.,by overexpressing SOX17 in conjunction with ETV2,retrieved,https://pubmed.ncbi.nlm.nih.gov/38503291/
33326796,10.1016/j.celrep.2020.108491,PMC7801938,2020,Endothelial Reprogramming by Disturbed Flow Revealed by Single-Cell RNA and Chromatin Accessibility Study.,Cell reports,Identity loss,KLF2; KLF4; RELA; AP1; STAT1; TEAD1,Mouse partial carotid ligation,scRNA-seq; scATAC-seq; Pseudotime,Disturbed flow was associated with endothelial inflammatory and mesenchymal programs and altered motif accessibility.,Pseudotime and motif accessibility suggest changes in cell state; lineage tracing and perturbation would be needed to test the proposed transitions and regulators.,single-cell RNA sequencing (scRNA-seq) and scATAC-seq,retrieved,https://pubmed.ncbi.nlm.nih.gov/33326796/
32916216,10.1016/j.jhep.2020.08.033,,2021,Endothelial GATA4 controls liver fibrosis and regeneration by preventing a pathogenic switch in angiocrine signaling.,Journal of hepatology,Identity maintenance,GATA4; MYC,Adult mouse LSEC-specific Gata4 knockout; human cirrhosis datasets,Conditional knockout; ATAC-seq; ChIP-seq; Expression profiling,Loss of endothelial GATA4 induced sinusoidal capillarization and profibrotic signaling involving MYC and PDGFB.,The mouse knockout tests the effect of GATA4 loss. The human cirrhosis comparison is observational.,LSEC-to-continuous endothelial transdifferentiation,no_pmcid,https://pubmed.ncbi.nlm.nih.gov/32916216/
26537113,10.1038/srep16193,PMC4633649,2015,Venous Endothelial Marker COUP-TFII Regulates the Distinct Pathologic Potentials of Adult Arteries and Veins.,Scientific reports,Vascular specialization,COUP-TFII,Adult venous endothelial cultures; mouse artery/vein comparison,Knockdown; Overexpression; Gene expression,"COUP-TFII manipulation changed inflammatory, thrombotic and mesenchymal phenotypes of venous endothelial cells.",COUP-TFII accounts for part of a broader set of differences between arteries and veins.,COUP-TFII knockdown also readily undergo endothelial-to-mesenchymal transition,retrieved,https://pubmed.ncbi.nlm.nih.gov/26537113/
36512477,10.1093/stmcls/sxac086,PMC9982073,2023,ETV2 Upregulation Marks the Specification of Early Cardiomyocytes and Endothelial Cells During Co-differentiation.,"Stem cells (Dayton, Ohio)",Specification,ETV2,Human iPSC cardiac/endothelial co-differentiation,scRNA-seq; Fluorescent reporter,ETV2 expression dynamics distinguished early endothelial and cardiomyocyte lineage-predisposed states.,These reporter dynamics come from an in vitro differentiation system. Their relevance to development in vivo needs testing.,a transient ETV2-high-state initiates the specification of endothelial cells,retrieved,https://pubmed.ncbi.nlm.nih.gov/36512477/
35550615,10.1038/s41556-022-00901-3,PMC11827897,2022,ETV2 functions as a pioneer factor to regulate and reprogram the endothelial lineage.,Nature cell biology,Specification,ETV2; BRG1,Engineered embryonic stem-cell differentiation and reprogramming models,Multi-omics; Chromatin binding; Chromatin remodeling,"ETV2 bound nucleosomal DNA and recruited BRG1, linking pioneer activity to endothelial chromatin opening.",The mechanism comes from engineered differentiation and reprogramming models; its range across endothelial contexts remains a question.,ETV2 was able to bind nucleosomal DNA and recruit BRG1,retrieved,https://pubmed.ncbi.nlm.nih.gov/35550615/
27778229,10.1007/s11626-016-0106-1,,2017,Production of endothelial progenitor cells from skin fibroblasts by direct reprogramming for clinical usages.,In vitro cellular & developmental biology. Animal,Reprogramming,ETV2,Human skin fibroblasts; mouse hindlimb ischemia assay,mRNA transfection; Hypoxia culture; Marker and functional assays,ETV2 mRNA plus hypoxia generated endothelial progenitor-like cells from fibroblasts at low reported efficiency.,"The reported conversion efficiency was low, and the functional test used a mouse ischemia model.",ETV2 mRNA combined with hypoxia can give rise to functional EPCs,no_pmcid,https://pubmed.ncbi.nlm.nih.gov/27778229/
26540589,10.1038/nprot.2015.126,PMC4881298,2015,Direct conversion of human amniotic cells into endothelial cells without transitioning through a pluripotent state.,Nature protocols,Reprogramming,ETV2; FLI1; ERG1,Human amniotic fluid-derived cells; implantation in mice,Conversion protocol; ETS factor expression; TGF-beta inhibition,A conversion platform combined transient ETV2 with sustained FLI1/ERG1 and TGF-beta inhibition to produce expandable endothelium.,This paper describes a conversion protocol. Its therapeutic usefulness would need separate testing.,constitutive expression the ETS transcription factors FLI1 and ERG1,retrieved,https://pubmed.ncbi.nlm.nih.gov/26540589/
36512862,10.1016/j.biomaterials.2022.121946,PMC9868097,2023,Sox17 mediates adult arterial endothelial cell adaptation to hemodynamics.,Biomaterials,Vascular specialization,SOX17,Cultured venous endothelial cells under controlled flow,Inducible expression; 3D fibrin assays; Microfluidics,SOX17 induced arterial/tip-cell programs whose functional effects depended on mechanical and supporting-cell context.,Cultured venous cells under controlled flow capture only part of the environment in adult arteries.,Sox17-induced ECs exhibit a gene profile favoring arterial and tip cell identity,retrieved,https://pubmed.ncbi.nlm.nih.gov/36512862/
28055225,10.1089/cell.2016.0038,,2017,Overexpression of Prox1 Induces the Differentiation of Human Adipose-Derived Stem Cells into Lymphatic Endothelial-Like Cells In Vitro.,Cellular reprogramming,Reprogramming,PROX1,Human adipose-derived stem cells in vitro,Lentiviral overexpression; Flow cytometry; RT-PCR; Tube formation,PROX1 overexpression induced lymphatic endothelial-like markers and tube-forming behavior.,Marker expression and Matrigel tube formation leave mature lymphatic function unresolved.,induced the differentiation of hADSCs into stable lymphatic endothelial-like cells,no_pmcid,https://pubmed.ncbi.nlm.nih.gov/28055225/
31864907,10.1016/j.ymthe.2019.11.019,PMC7002895,2020,cAMP/EPAC Signaling Enables ETV2 to Induce Endothelial Cells with High Angiogenesis Potential.,Molecular therapy : the journal of the American Society of Gene Therapy,Reprogramming,ETV2,Human fibroblast conversion; vascular functional assays,ChIP-seq; Signaling-modulator screen; Angiogenesis assays,Activation of cAMP/EPAC/RAP1 enhanced ETV2-driven conversion and angiogenesis-related function.,The assays assess conversion and angiogenesis; broader comparisons with native endothelium would help establish how complete the conversion is.,forskolin facilitated efficient and rapid iEC reprogramming,unavailable,https://pubmed.ncbi.nlm.nih.gov/31864907/
40832854,10.1093/cvr/cvaf127,PMC13370475,2025,"The pioneer factor, ETV2, regulates networks to specify the embryonic endothelial lineage.",Cardiovascular research,Specification,ETV2; MESP1,Mouse ESC/embryoid bodies and embryos,scRNA-seq; ATAC-seq; ChIP-seq; Knockout; EMSA,"ETV2 dosage and context promoted hematoendothelial programs while suppressing alternative mesodermal programs, including Mesp1.","The experiments use mouse developmental models, which may behave differently from human differentiation cultures.",Master regulators of the cardiac lineage including Mesp1,unavailable,https://pubmed.ncbi.nlm.nih.gov/40832854/
32234721,10.2337/db20-0138,,2020,TWIST1-Reprogrammed Endothelial Cell Transplantation Potentiates Neovascularization-Mediated Diabetic Wound Tissue Regeneration.,Diabetes,Reprogramming,TWIST1; ID1,Wharton jelly stromal cells; diabetic mouse wounds,Expression-data meta-analysis; TF perturbation; Cell transplantation,TWIST1 promoted endothelial programming of stromal cells and vascular repair readouts in diabetic mouse wounds.,The result depends on the starting stromal cells and experimental setting; TWIST1 can have different roles in other endothelial contexts.,Twist1 reprogramming enhanced the endothelial lineage commitment of WJ-MSC,no_pmcid,https://pubmed.ncbi.nlm.nih.gov/32234721/
38570190,10.26508/lsa.202402694,PMC10992995,2024,"ETV2 induces endothelial, but not hematopoietic, lineage specification in birds.",Life science alliance,Specification,ETV2; NPAS4L; LMO2,"Chicken mesoderm, gecko and comparative avian genomics",Comparative genomics; Ectopic expression; Epistasis,Ectopic ETV2 induced an endothelial-associated program in avian mesoderm without the corresponding hematopoietic response.,The ancestral regulatory model is an inference from comparative genomes and expression experiments.,"Mouse ETV2 induced LMO2, but not NPAS4L or SCL",retrieved,https://pubmed.ncbi.nlm.nih.gov/38570190/
40495012,10.1038/s44161-025-00660-y,PMC12836307,2025,Pioneer factor ETV2 safeguards endothelial cell specification by recruiting the repressor REST to restrict alternative lineage commitment.,Nature cardiovascular research,Specification,ETV2; REST; GABPA,Human iPSC-derived mesodermal progenitors,CUT&RUN; scRNA-seq; scATAC-seq; Functional screening,ETV2 used both activating cofactors and REST-mediated repression of alternative-lineage genes during endothelial specification.,The experiments use induced differentiation. Whether the same mechanism operates across adult endothelial tissues needs testing.,ETV2 recruited REST to repress non-EC lineage genes,retrieved,https://pubmed.ncbi.nlm.nih.gov/40495012/
41390669,10.1038/s41467-025-66230-9,PMC12738756,2025,Targeted CRISPR-Cas9 screening identifies core transcription factors controlling murine haemato-endothelial fate commitment.,Nature communications,Specification,ETV2; LDB1; SMAD1; SIX4; ZBTB7b,Murine embryonic stem-cell model of embryonic blood development,Targeted CRISPR knockout screen; Transcriptome analysis,A targeted screen identified regulators whose loss biased mesoderm away from normal haemato-endothelial commitment.,The screen covers selected transcription factors and chromatin regulators in a mouse cell model.,"ETV2, LDB1, SMAD1, SIX4 and ZBTB7b",retrieved,https://pubmed.ncbi.nlm.nih.gov/41390669/
29456178,10.1016/j.stemcr.2018.01.009,PMC5919293,2018,HOXB4 Promotes Hemogenic Endothelium Formation without Perturbing Endothelial Cell Development.,Stem cell reports,Specification,HOXB4; RUNX1,Differentiating mouse ESCs with inducible Runx1,Retroviral expression; Inducible rescue; Transcriptome analysis,HOXB4 promoted hemogenic endothelium formation while preserving overall endothelial development.,"The endpoint is hemogenic endothelium, a developmental state distinct from mature vascular endothelium.",HOXB4 promoted the formation of hemogenic endothelium cells,retrieved,https://pubmed.ncbi.nlm.nih.gov/29456178/
33315013,10.7554/elife.55730,PMC7758065,2020,Cardiac endothelial cells maintain open chromatin and expression of cardiomyocyte myofibrillar genes.,eLife,Vascular specialization,,Cardiac endothelial cells and isolated nuclei,Bulk RNA-seq; scRNA-seq; In situ hybridization; ATAC-seq,Cardiac endothelial cells showed cell-autonomous myofibrillar transcription and promoter accessibility that diminished in culture.,"Motif enrichment points to possible regulators, but the abstract does not establish a causal role for an individual factor.",have open chromatin at CMF gene promoters,retrieved,https://pubmed.ncbi.nlm.nih.gov/33315013/
41160897,10.1093/nar/gkaf931,PMC12571441,2025,Transcription factor 4 maintains endothelial cell identity by inhibiting endothelial to mesenchymal transition.,Nucleic acids research,Identity maintenance,TCF4,"Endothelial cultures, EndoMT models and heart-failure patient ECs",Knockdown; Promoter binding; Exogenous expression,TCF4 repressed TGF-beta-pathway genes and helped maintain endothelial phenotype against EndoMT.,TCF4 refers to ITF2 in this paper. The rescue experiments do not establish a treatment effect in patients.,TCF4; also known as ITF2,retrieved,https://pubmed.ncbi.nlm.nih.gov/41160897/
32116021,10.1152/ajpgi.00215.2019,PMC7191457,2020,Unraveling the transcriptional determinants of liver sinusoidal endothelial cell specialization.,American journal of physiology. Gastrointestinal and liver physiology,Vascular specialization,C-MAF; GATA4; MEIS2,Liver/heart/brain EC comparison and engineered HUVECs,Comparative expression; TF overexpression; Protein assays,"C-MAF, GATA4 and MEIS2 together increased a liver-sinusoidal marker program but did not fully recreate LSEC function.","The three-factor combination did not significantly induce receptor-mediated endocytosis, leaving an important LSEC function incomplete.",receptor-mediated endocytosis was not significantly induced,unavailable,https://pubmed.ncbi.nlm.nih.gov/32116021/
28279709,10.1016/j.ydbio.2017.03.005,PMC5419721,2017,Vegf signaling promotes vascular endothelial differentiation by modulating etv2 expression.,Developmental biology,Specification,ETV2,Zebrafish embryos,VEGFR inhibition; Genetic mutants; Overexpression rescue,"VEGF signaling levels influenced general endothelial differentiation and arterial specification, partly through etv2.","Both dose and developmental timing affect the result, and broad VEGFR inhibition also affects cell survival.",Vegf signaling affects overall endothelial differentiation,retrieved,https://pubmed.ncbi.nlm.nih.gov/28279709/
42443196,10.1038/s41467-026-75287-z,PMC13487233,2026,ERG preserves endothelial identity to limit atherosclerosis.,Nature communications,Identity maintenance,ERG,"Hypercholesterolemic mice, human plaques and cultured EndMT cells",Inducible knockout; Lineage tracing; Single-cell transcriptomics; Restoration,ERG loss promoted endothelial identity loss and atherosclerotic pathology; restoration reversed mesenchymal programs in culture.,The human plaque comparisons are observational. The restoration experiment tests cultured cells.,ERG loss drove endothelial dedifferentiation,retrieved,https://pubmed.ncbi.nlm.nih.gov/42443196/
35904801,10.1093/nar/gkac652,PMC9410909,2022,SOX9 reprograms endothelial cells by altering the chromatin landscape.,Nucleic acids research,Identity loss,SOX9,HUVEC EndMT model; atherosclerotic lesions,Factor expression; Chromatin profiling; Single-cell accessibility,SOX9 altered endothelial chromatin and induced persistent mesenchymal programs despite dynamic factor binding.,"SOX9 was sufficient to drive changes in the tested setting, but its contribution relative to other EndMT regulators remains open.",SOX9 expression alone is sufficient to activate mesenchymal genes,retrieved,https://pubmed.ncbi.nlm.nih.gov/35904801/
40810103,10.1016/j.jhepr.2025.101475,PMC12341620,2025,Endothelial c-Maf prevents MASLD-like liver fibrosis by regulating chromatin accessibility to suppress pathogenic microvascular cell subsets.,JHEP reports : innovation in hepatology,Identity maintenance,C-MAF; GATA4,LSEC-specific Maf knockout mice and human liver datasets,Conditional knockout; Bulk RNA-seq; ATAC-seq; scRNA-seq,"Endothelial c-Maf loss disrupted sinusoidal differentiation and zonation, with pathogenic endothelial subsets and liver fibrosis.",The mouse knockout tests c-Maf function; the human cirrhosis data show expression differences.,a switch from sinusoidal to continuous endothelial cell identity,retrieved,https://pubmed.ncbi.nlm.nih.gov/40810103/
25802403,10.15252/embr.201439939,PMC4428045,2015,Induction of hematopoietic and endothelial cell program orchestrated by ETS transcription factor ER71/ETV2.,EMBO reports,Specification,ETV2; ETS factors,Mouse ESC differentiation and germline/conditional knockout models,Binding-site mapping; In vitro differentiation; Mouse knockout,ETV2 initiated a hemangiogenic regulatory hierarchy that other ETS factors partly maintained after the initial specification phase.,The abstract leaves the contributions of individual downstream ETS factors only partly resolved.,an ETS switching mechanism,unavailable,https://pubmed.ncbi.nlm.nih.gov/25802403/
